{
  "1": {
    "n": 511,
    "em_rate": 0.6438356164383562,
    "em_count": 329,
    "relaxed_rate": 0.7318982387475538,
    "avg_anls": 0.7107971947217341,
    "avg_evidence_overlap": null,
    "evidence_samples": 0,
    "hallucination_rate": 0.09784735812133072,
    "hallucination_count": 50
  },
  "2": {
    "n": 511,
    "em_rate": 0.2602739726027397,
    "em_count": 133,
    "relaxed_rate": 0.5166340508806262,
    "avg_anls": 0.33241071943082845,
    "avg_evidence_overlap": 0.8376119402985075,
    "evidence_samples": 335,
    "hallucination_rate": 0.11937377690802348,
    "hallucination_count": 61
  },
  "3": {
    "n": 511,
    "em_rate": 0.4344422700587084,
    "em_count": 222,
    "relaxed_rate": 0.6360078277886497,
    "avg_anls": 0.5234185503659133,
    "avg_evidence_overlap": null,
    "evidence_samples": 0,
    "hallucination_rate": 0.08806262230919765,
    "hallucination_count": 45
  },
  "4": {
    "n": 511,
    "em_rate": 0.060665362035225046,
    "em_count": 31,
    "relaxed_rate": 0.6046966731898239,
    "avg_anls": 0.11116585003877312,
    "avg_evidence_overlap": null,
    "evidence_samples": 0,
    "hallucination_rate": 0.1350293542074364,
    "hallucination_count": 69
  },
  "5": {
    "n": 511,
    "em_rate": 0.6477495107632094,
    "em_count": 331,
    "relaxed_rate": 0.7338551859099804,
    "avg_anls": 0.7191250409798209,
    "avg_evidence_overlap": null,
    "evidence_samples": 0,
    "hallucination_rate": 0.10176125244618395,
    "hallucination_count": 52
  },
  "6": {
    "n": 511,
    "em_rate": 0.21330724070450097,
    "em_count": 109,
    "relaxed_rate": 0.47162426614481406,
    "avg_anls": 0.27261592923992506,
    "avg_evidence_overlap": 0.6674603174603174,
    "evidence_samples": 315,
    "hallucination_rate": 0.1095890410958904,
    "hallucination_count": 56
  },
  "7": {
    "n": 511,
    "em_rate": 0.538160469667319,
    "em_count": 275,
    "relaxed_rate": 0.6790606653620352,
    "avg_anls": 0.6179862970479235,
    "avg_evidence_overlap": null,
    "evidence_samples": 0,
    "hallucination_rate": 0.09197651663405088,
    "hallucination_count": 47
  },
  "8": {
    "n": 511,
    "em_rate": 0.05675146771037182,
    "em_count": 29,
    "relaxed_rate": 0.598825831702544,
    "avg_anls": 0.10408160797992567,
    "avg_evidence_overlap": null,
    "evidence_samples": 0,
    "hallucination_rate": 0.15851272015655576,
    "hallucination_count": 81
  }
}